{"weights": [-0.3747240539377662, 1.312483525868046, -0.31820275204204296, -0.34016311456010495, -0.29087358465346785], "bias": -0.3647679752824159}